sampleID,condition
W431825,mTEC-IV
W431828,mTEC-IV
W431831,mTEC-IV
W431837,mTEC-IV
W431844,mTEC-IV
W431850,mTEC-IV
W431854,mTEC-IV
W431863,mTEC-IV
W431866,mTEC-IV
W431867,mTEC-IV
W431871,mTEC-IV
W431883,mTEC-IV
W431884,mTEC-IV
W431885,mTEC-IV
W431894,mTEC-IV
W431895,mTEC-IV
W431897,mTEC-IV
W431899,mTEC-IV
W431900,mTEC-IV
W431910,mTEC-IV
W431911,mTEC-IV
W431924,mTEC-IV
W431926,mTEC-IV
W431940,mTEC-IV
W431947,mTEC-IV
W431952,mTEC-IV
W431953,mTEC-IV
W431954,mTEC-IV
W431960,mTEC-IV
W431964,mTEC-IV
W431965,mTEC-IV
W431974,mTEC-IV
W431975,mTEC-IV
W431982,mTEC-IV
W431992,mTEC-IV
W431994,mTEC-IV
W431996,mTEC-IV
W432001,mTEC-IV
W432003,mTEC-IV
W432005,mTEC-IV
W432006,mTEC-IV
W432008,mTEC-IV
W432009,mTEC-IV
W432011,mTEC-IV
W432013,mTEC-IV
W431442,mTEC-IV
W431450,mTEC-IV
W431452,mTEC-IV
W431453,mTEC-IV
W431458,mTEC-IV
W431462,mTEC-IV
W431463,mTEC-IV
W431475,mTEC-IV
W431479,mTEC-IV
W431481,mTEC-IV
W431486,mTEC-IV
W431489,mTEC-IV
W431490,mTEC-IV
W431493,mTEC-IV
W431505,mTEC-IV
W431507,mTEC-IV
W431514,mTEC-IV
W431518,mTEC-IV
W431519,mTEC-IV
W431525,mTEC-IV
W431535,mTEC-IV
W431536,mTEC-IV
W431539,mTEC-IV
W431540,mTEC-IV
W431546,mTEC-IV
W431553,mTEC-IV
W431560,mTEC-IV
W431561,mTEC-IV
W431574,mTEC-IV
W431579,mTEC-IV
W431580,mTEC-IV
W431587,mTEC-IV
W431588,mTEC-IV
W431590,mTEC-IV
W431598,mTEC-IV
W431603,mTEC-IV
W431604,mTEC-IV
W431606,mTEC-IV
W431613,mTEC-IV
W431615,mTEC-IV
W431617,mTEC-IV
W431618,mTEC-IV
W431620,mTEC-IV
W431626,mTEC-IV
W431628,mTEC-IV
W431629,mTEC-IV
W431251,mTEC-IV
W431252,mTEC-IV
W431270,mTEC-IV
W431273,mTEC-IV
W431277,mTEC-IV
W431278,mTEC-IV
W431279,mTEC-IV
W431292,mTEC-IV
W431293,mTEC-IV
W431294,mTEC-IV
W431297,mTEC-IV
W431298,mTEC-IV
W431301,mTEC-IV
W431304,mTEC-IV
W431306,mTEC-IV
W431308,mTEC-IV
W431312,mTEC-IV
W431317,mTEC-IV
W431319,mTEC-IV
W431320,mTEC-IV
W431323,mTEC-IV
W431324,mTEC-IV
W431326,mTEC-IV
W431333,mTEC-IV
W431336,mTEC-IV
W431337,mTEC-IV
W431339,mTEC-IV
W431341,mTEC-IV
W431342,mTEC-IV
W431343,mTEC-IV
W431344,mTEC-IV
W431346,mTEC-IV
W431359,mTEC-IV
W431361,mTEC-IV
W431363,mTEC-IV
W431365,mTEC-IV
W431367,mTEC-IV
W431373,mTEC-IV
W431376,mTEC-IV
W431378,mTEC-IV
W431379,mTEC-IV
W431381,mTEC-IV
W431386,mTEC-IV
W431393,mTEC-IV
W431394,mTEC-IV
W431406,mTEC-IV
W431407,mTEC-IV
W431409,mTEC-IV
W431410,mTEC-IV
W431413,mTEC-IV
W431414,mTEC-IV
W431415,mTEC-IV
W431416,mTEC-IV
W431426,mTEC-IV
W431436,mTEC-IV
W431437,mTEC-IV
W431439,mTEC-IV
W431440,mTEC-IV
W416474,mTEC-IV
W416477,mTEC-IV
W416484,mTEC-IV
W416493,mTEC-IV
W416502,mTEC-IV
W416505,mTEC-IV
W416507,mTEC-IV
W416514,mTEC-IV
W416515,mTEC-IV
W416516,mTEC-IV
W416517,mTEC-IV
W416519,mTEC-IV
W416521,mTEC-IV
W416524,mTEC-IV
W416525,mTEC-IV
W416532,mTEC-IV
W416533,mTEC-IV
W416538,mTEC-IV
W416543,mTEC-IV
W416544,mTEC-IV
W416549,mTEC-IV
W416553,mTEC-IV
W416554,mTEC-IV
W416563,mTEC-IV
W416564,mTEC-IV
W416567,mTEC-IV
W416575,mTEC-IV
W416578,mTEC-IV
W416579,mTEC-IV
W416584,mTEC-IV
W416587,mTEC-IV
W416592,mTEC-IV
W416594,mTEC-IV
W416596,mTEC-IV
W416597,mTEC-IV
W416598,mTEC-IV
W416599,mTEC-IV
W416605,mTEC-IV
W416607,mTEC-IV
W416609,mTEC-IV
W416610,mTEC-IV
W416614,mTEC-IV
W416615,mTEC-IV
W416616,mTEC-IV
W416623,mTEC-IV
W416624,mTEC-IV
W416625,mTEC-IV
W416633,mTEC-IV
W416636,mTEC-IV
W416092,mTEC-IV
W416094,mTEC-IV
W416095,mTEC-IV
W416111,mTEC-IV
W416115,mTEC-IV
W416117,mTEC-IV
W416123,mTEC-IV
W416135,mTEC-IV
W416136,mTEC-IV
W416138,mTEC-IV
W416141,mTEC-IV
W416143,mTEC-IV
W416150,mTEC-IV
W416152,mTEC-IV
W416153,mTEC-IV
W416168,mTEC-IV
W416171,mTEC-IV
W416175,mTEC-IV
W416185,mTEC-IV
W416193,mTEC-IV
W416194,mTEC-IV
W416195,mTEC-IV
W416199,mTEC-IV
W416201,mTEC-IV
W416202,mTEC-IV
W416205,mTEC-IV
W416207,mTEC-IV
W416215,mTEC-IV
W416217,mTEC-IV
W416247,mTEC-IV
W416248,mTEC-IV
W416249,mTEC-IV
W416256,mTEC-IV
W416257,mTEC-IV
W416266,mTEC-IV
W416270,mTEC-IV
W416271,mTEC-IV
W379025,mTEC-IV
W379034,mTEC-IV
W379036,mTEC-IV
W379038,mTEC-IV
W379039,mTEC-IV
W379040,mTEC-IV
W379041,mTEC-IV
W379042,mTEC-IV
W379043,mTEC-IV
W379046,mTEC-IV
W379047,mTEC-IV
W379049,mTEC-IV
W379051,mTEC-IV
W379052,mTEC-IV
W379053,mTEC-IV
W379054,mTEC-IV
W379055,mTEC-IV
W379057,mTEC-IV
W379059,mTEC-IV
W379061,mTEC-IV
W379062,mTEC-IV
W379064,mTEC-IV
W379065,mTEC-IV
W379066,mTEC-IV
W379067,mTEC-IV
W379069,mTEC-IV
W379070,mTEC-IV
W379071,mTEC-IV
W379072,mTEC-IV
W379073,mTEC-IV
W379074,mTEC-IV
W379075,mTEC-IV
W379078,mTEC-IV
W379080,mTEC-IV
W379087,mTEC-IV
W379088,mTEC-IV
W379089,mTEC-IV
W379092,mTEC-IV
W379094,mTEC-IV
W379096,mTEC-IV
W379097,mTEC-IV
W379098,mTEC-IV
W379099,mTEC-IV
W379100,mTEC-IV
W379103,mTEC-IV
W379104,mTEC-IV
W379110,mTEC-IV
W379111,mTEC-IV
W379112,mTEC-IV
W379115,mTEC-IV
W379116,mTEC-IV
W379117,mTEC-IV
W379118,mTEC-IV
W379119,mTEC-IV
W379122,mTEC-IV
W379127,mTEC-IV
W379129,mTEC-IV
W379131,mTEC-IV
W379133,mTEC-IV
W379135,mTEC-IV
W379136,mTEC-IV
W379137,mTEC-IV
W379141,mTEC-IV
W379142,mTEC-IV
W379143,mTEC-IV
W379145,mTEC-IV
W379146,mTEC-IV
W379149,mTEC-IV
W379152,mTEC-IV
W379155,mTEC-IV
W379157,mTEC-IV
W379158,mTEC-IV
W379161,mTEC-IV
W379163,mTEC-IV
W379164,mTEC-IV
W379171,mTEC-IV
W379172,mTEC-IV
W379175,mTEC-IV
W379183,mTEC-IV
W379185,mTEC-IV
W379190,mTEC-IV
W379191,mTEC-IV
W379194,mTEC-IV
W379195,mTEC-IV
W379197,mTEC-IV
W379203,mTEC-IV
W379207,mTEC-IV
W379211,mTEC-IV
W379212,mTEC-IV
W379214,mTEC-IV
W378835,mTEC-IV
W378839,mTEC-IV
W378842,mTEC-IV
W378844,mTEC-IV
W378845,mTEC-IV
W378847,mTEC-IV
W378849,mTEC-IV
W378850,mTEC-IV
W378852,mTEC-IV
W378856,mTEC-IV
W378857,mTEC-IV
W378858,mTEC-IV
W378859,mTEC-IV
W378861,mTEC-IV
W378862,mTEC-IV
W378864,mTEC-IV
W378865,mTEC-IV
W378866,mTEC-IV
W378870,mTEC-IV
W378873,mTEC-IV
W378875,mTEC-IV
W378877,mTEC-IV
W378880,mTEC-IV
W378881,mTEC-IV
W378882,mTEC-IV
W378884,mTEC-IV
W378885,mTEC-IV
W378886,mTEC-IV
W378887,mTEC-IV
W378888,mTEC-IV
W378889,mTEC-IV
W378890,mTEC-IV
W378892,mTEC-IV
W378895,mTEC-IV
W378896,mTEC-IV
W378898,mTEC-IV
W378901,mTEC-IV
W378905,mTEC-IV
W378906,mTEC-IV
W378909,mTEC-IV
W378911,mTEC-IV
W378912,mTEC-IV
W378913,mTEC-IV
W378914,mTEC-IV
W378915,mTEC-IV
W378916,mTEC-IV
W378917,mTEC-IV
W378919,mTEC-IV
W378920,mTEC-IV
W378921,mTEC-IV
W378925,mTEC-IV
W378926,mTEC-IV
W378930,mTEC-IV
W378934,mTEC-IV
W378935,mTEC-IV
W378937,mTEC-IV
W378941,mTEC-IV
W378942,mTEC-IV
W378946,mTEC-IV
W378947,mTEC-IV
W378949,mTEC-IV
W378950,mTEC-IV
W378951,mTEC-IV
W378953,mTEC-IV
W378954,mTEC-IV
W378957,mTEC-IV
W378958,mTEC-IV
W378959,mTEC-IV
W378962,mTEC-IV
W378965,mTEC-IV
W378969,mTEC-IV
W378974,mTEC-IV
W378975,mTEC-IV
W378981,mTEC-IV
W378982,mTEC-IV
W378983,mTEC-IV
W378985,mTEC-IV
W378986,mTEC-IV
W378987,mTEC-IV
W378988,mTEC-IV
W378991,mTEC-IV
W378998,mTEC-IV
W378999,mTEC-IV
W379001,mTEC-IV
W379002,mTEC-IV
W379004,mTEC-IV
W379007,mTEC-IV
W379012,mTEC-IV
W379013,mTEC-IV
W379021,mTEC-IV
W379023,mTEC-IV
W378641,mTEC-IV
W378644,mTEC-IV
W378645,mTEC-IV
W378646,mTEC-IV
W378649,mTEC-IV
W378650,mTEC-IV
W378651,mTEC-IV
W378653,mTEC-IV
W378654,mTEC-IV
W378656,mTEC-IV
W378659,mTEC-IV
W378660,mTEC-IV
W378663,mTEC-IV
W378664,mTEC-IV
W378668,mTEC-IV
W378669,mTEC-IV
W378670,mTEC-IV
W378675,mTEC-IV
W378677,mTEC-IV
W378678,mTEC-IV
W378679,mTEC-IV
W378681,mTEC-IV
W378683,mTEC-IV
W378685,mTEC-IV
W378690,mTEC-IV
W378695,mTEC-IV
W378696,mTEC-IV
W378699,mTEC-IV
W378700,mTEC-IV
W378701,mTEC-IV
W378703,mTEC-IV
W378704,mTEC-IV
W378705,mTEC-IV
W378708,mTEC-IV
W378709,mTEC-IV
W378711,mTEC-IV
W378712,mTEC-IV
W378713,mTEC-IV
W378718,mTEC-IV
W378719,mTEC-IV
W378721,mTEC-IV
W378723,mTEC-IV
W378725,mTEC-IV
W378726,mTEC-IV
W378729,mTEC-IV
W378730,mTEC-IV
W378731,mTEC-IV
W378733,mTEC-IV
W378734,mTEC-IV
W378735,mTEC-IV
W378739,mTEC-IV
W378740,mTEC-IV
W378741,mTEC-IV
W378745,mTEC-IV
W378746,mTEC-IV
W378747,mTEC-IV
W378749,mTEC-IV
W378750,mTEC-IV
W378751,mTEC-IV
W378756,mTEC-IV
W378758,mTEC-IV
W378760,mTEC-IV
W378764,mTEC-IV
W378765,mTEC-IV
W378769,mTEC-IV
W378770,mTEC-IV
W378772,mTEC-IV
W378773,mTEC-IV
W378777,mTEC-IV
W378779,mTEC-IV
W378784,mTEC-IV
W378785,mTEC-IV
W378787,mTEC-IV
W378788,mTEC-IV
W378789,mTEC-IV
W378791,mTEC-IV
W378792,mTEC-IV
W378793,mTEC-IV
W378794,mTEC-IV
W378795,mTEC-IV
W378796,mTEC-IV
W378797,mTEC-IV
W378801,mTEC-IV
W378802,mTEC-IV
W378803,mTEC-IV
W378806,mTEC-IV
W378807,mTEC-IV
W378808,mTEC-IV
W378809,mTEC-IV
W378815,mTEC-IV
W378817,mTEC-IV
W378819,mTEC-IV
W378823,mTEC-IV
W378824,mTEC-IV
W378825,mTEC-IV
W378827,mTEC-IV
W378828,mTEC-IV
W378830,mTEC-IV
W378831,mTEC-IV
W378450,mTEC-IV
W378453,mTEC-IV
W378454,mTEC-IV
W378458,mTEC-IV
W378459,mTEC-IV
W378460,mTEC-IV
W378461,mTEC-IV
W378463,mTEC-IV
W378464,mTEC-IV
W378467,mTEC-IV
W378469,mTEC-IV
W378471,mTEC-IV
W378475,mTEC-IV
W378477,mTEC-IV
W378478,mTEC-IV
W378482,mTEC-IV
W378484,mTEC-IV
W378487,mTEC-IV
W378489,mTEC-IV
W378490,mTEC-IV
W378491,mTEC-IV
W378495,mTEC-IV
W378498,mTEC-IV
W378499,mTEC-IV
W378503,mTEC-IV
W378504,mTEC-IV
W378505,mTEC-IV
W378506,mTEC-IV
W378507,mTEC-IV
W378510,mTEC-IV
W378511,mTEC-IV
W378514,mTEC-IV
W378516,mTEC-IV
W378520,mTEC-IV
W378521,mTEC-IV
W378523,mTEC-IV
W378526,mTEC-IV
W378527,mTEC-IV
W378528,mTEC-IV
W378530,mTEC-IV
W378531,mTEC-IV
W378532,mTEC-IV
W378536,mTEC-IV
W378537,mTEC-IV
W378540,mTEC-IV
W378541,mTEC-IV
W378544,mTEC-IV
W378547,mTEC-IV
W378548,mTEC-IV
W378550,mTEC-IV
W378555,mTEC-IV
W378559,mTEC-IV
W378560,mTEC-IV
W378563,mTEC-IV
W378564,mTEC-IV
W378565,mTEC-IV
W378566,mTEC-IV
W378571,mTEC-IV
W378574,mTEC-IV
W378575,mTEC-IV
W378577,mTEC-IV
W378578,mTEC-IV
W378579,mTEC-IV
W378580,mTEC-IV
W378582,mTEC-IV
W378583,mTEC-IV
W378584,mTEC-IV
W378586,mTEC-IV
W378587,mTEC-IV
W378589,mTEC-IV
W378590,mTEC-IV
W378591,mTEC-IV
W378593,mTEC-IV
W378599,mTEC-IV
W378601,mTEC-IV
W378602,mTEC-IV
W378603,mTEC-IV
W378604,mTEC-IV
W378606,mTEC-IV
W378608,mTEC-IV
W378609,mTEC-IV
W378612,mTEC-IV
W378613,mTEC-IV
W378617,mTEC-IV
W378618,mTEC-IV
W378620,mTEC-IV
W378621,mTEC-IV
W378622,mTEC-IV
W378623,mTEC-IV
W378624,mTEC-IV
W378625,mTEC-IV
W378626,mTEC-IV
W378627,mTEC-IV
W378628,mTEC-IV
W378629,mTEC-IV
W378630,mTEC-IV
W378632,mTEC-IV
W378633,mTEC-IV
W378635,mTEC-IV
W378636,mTEC-IV
W378637,mTEC-IV
W378638,mTEC-IV
W341013,mTEC-IV
W341018,mTEC-IV
W341019,mTEC-IV
W341023,mTEC-IV
W341028,mTEC-IV
W341029,mTEC-IV
W341035,mTEC-IV
W341038,mTEC-IV
W341041,mTEC-IV
W341045,mTEC-IV
W341052,mTEC-IV
W341055,mTEC-IV
W341057,mTEC-IV
W341059,mTEC-IV
W341064,mTEC-IV
W341073,mTEC-IV
W341078,mTEC-IV
W341083,mTEC-IV
W341093,mTEC-IV
W341094,mTEC-IV
W341097,mTEC-IV
W341102,mTEC-IV
W341106,mTEC-IV
W341111,mTEC-IV
W341113,mTEC-IV
W341120,mTEC-IV
W341126,mTEC-IV
W341127,mTEC-IV
W341129,mTEC-IV
W341132,mTEC-IV
W341134,mTEC-IV
W341147,mTEC-IV
W341149,mTEC-IV
W341159,mTEC-IV
W341162,mTEC-IV
W341163,mTEC-IV
W341164,mTEC-IV
W341165,mTEC-IV
W341169,mTEC-IV
W341171,mTEC-IV
W341173,mTEC-IV
W341174,mTEC-IV
W341180,mTEC-IV
W341188,mTEC-IV
W341189,mTEC-IV
W341192,mTEC-IV
W341193,mTEC-IV
W341196,mTEC-IV
W341199,mTEC-IV
W341200,mTEC-IV
W340817,mTEC-IV
W340818,mTEC-IV
W340821,mTEC-IV
W340823,mTEC-IV
W340834,mTEC-IV
W340837,mTEC-IV
W340839,mTEC-IV
W340841,mTEC-IV
W340849,mTEC-IV
W340850,mTEC-IV
W340854,mTEC-IV
W340855,mTEC-IV
W340860,mTEC-IV
W340866,mTEC-IV
W340872,mTEC-IV
W340873,mTEC-IV
W340876,mTEC-IV
W340894,mTEC-IV
W340896,mTEC-IV
W340898,mTEC-IV
W340903,mTEC-IV
W340904,mTEC-IV
W340906,mTEC-IV
W340908,mTEC-IV
W340915,mTEC-IV
W340916,mTEC-IV
W340917,mTEC-IV
W340918,mTEC-IV
W340932,mTEC-IV
W340933,mTEC-IV
W340940,mTEC-IV
W340944,mTEC-IV
W340948,mTEC-IV
W340950,mTEC-IV
W340952,mTEC-IV
W340954,mTEC-IV
W340955,mTEC-IV
W340957,mTEC-IV
W340962,mTEC-IV
W340971,mTEC-IV
W340972,mTEC-IV
W340974,mTEC-IV
W340981,mTEC-IV
W340982,mTEC-IV
W340988,mTEC-IV
W340992,mTEC-IV
W340995,mTEC-IV
W340996,mTEC-IV
W340999,mTEC-IV
W341002,mTEC-IV
W340626,mTEC-IV
W340631,mTEC-IV
W340633,mTEC-IV
W340635,mTEC-IV
W340636,mTEC-IV
W340646,mTEC-IV
W340653,mTEC-IV
W340654,mTEC-IV
W340657,mTEC-IV
W340658,mTEC-IV
W340660,mTEC-IV
W340664,mTEC-IV
W340669,mTEC-IV
W340670,mTEC-IV
W340672,mTEC-IV
W340677,mTEC-IV
W340681,mTEC-IV
W340684,mTEC-IV
W340685,mTEC-IV
W340689,mTEC-IV
W340692,mTEC-IV
W340698,mTEC-IV
W340703,mTEC-IV
W340705,mTEC-IV
W340707,mTEC-IV
W340709,mTEC-IV
W340716,mTEC-IV
W340718,mTEC-IV
W340738,mTEC-IV
W340740,mTEC-IV
W340745,mTEC-IV
W340751,mTEC-IV
W340753,mTEC-IV
W340755,mTEC-IV
W340764,mTEC-IV
W340765,mTEC-IV
W340771,mTEC-IV
W340772,mTEC-IV
W340775,mTEC-IV
W340778,mTEC-IV
W340779,mTEC-IV
W340784,mTEC-IV
W340786,mTEC-IV
W340791,mTEC-IV
W340794,mTEC-IV
W340799,mTEC-IV
W340803,mTEC-IV
W340808,mTEC-IV
W340810,mTEC-IV
W340816,mTEC-IV
W340244,mTEC-IV
W340247,mTEC-IV
W340253,mTEC-IV
W340256,mTEC-IV
W340259,mTEC-IV
W340262,mTEC-IV
W340263,mTEC-IV
W340270,mTEC-IV
W340272,mTEC-IV
W340275,mTEC-IV
W340278,mTEC-IV
W340279,mTEC-IV
W340283,mTEC-IV
W340286,mTEC-IV
W340299,mTEC-IV
W340300,mTEC-IV
W340302,mTEC-IV
W340306,mTEC-IV
W340312,mTEC-IV
W340316,mTEC-IV
W340322,mTEC-IV
W340324,mTEC-IV
W340331,mTEC-IV
W340335,mTEC-IV
W340336,mTEC-IV
W340340,mTEC-IV
W340342,mTEC-IV
W340343,mTEC-IV
W340346,mTEC-IV
W340347,mTEC-IV
W340348,mTEC-IV
W340350,mTEC-IV
W340351,mTEC-IV
W340352,mTEC-IV
W340355,mTEC-IV
W340359,mTEC-IV
W340361,mTEC-IV
W340362,mTEC-IV
W340363,mTEC-IV
W340365,mTEC-IV
W340366,mTEC-IV
W340368,mTEC-IV
W340370,mTEC-IV
W340371,mTEC-IV
W340377,mTEC-IV
W340378,mTEC-IV
W340380,mTEC-IV
W340383,mTEC-IV
W340384,mTEC-IV
W340385,mTEC-IV
W340390,mTEC-IV
W340392,mTEC-IV
W340399,mTEC-IV
W340400,mTEC-IV
W340402,mTEC-IV
W340405,mTEC-IV
W340410,mTEC-IV
W340413,mTEC-IV
W340415,mTEC-IV
W340416,mTEC-IV
W340418,mTEC-IV
W340420,mTEC-IV
W340424,mTEC-IV
W340426,mTEC-IV
W340427,mTEC-IV
W340428,mTEC-IV
W340429,mTEC-IV
W340430,mTEC-IV
W340050,mTEC-IV
W340051,mTEC-IV
W340052,mTEC-IV
W340054,mTEC-IV
W340059,mTEC-IV
W340060,mTEC-IV
W340061,mTEC-IV
W340063,mTEC-IV
W340064,mTEC-IV
W340067,mTEC-IV
W340068,mTEC-IV
W340070,mTEC-IV
W340074,mTEC-IV
W340078,mTEC-IV
W340082,mTEC-IV
W340083,mTEC-IV
W340087,mTEC-IV
W340088,mTEC-IV
W340090,mTEC-IV
W340098,mTEC-IV
W340101,mTEC-IV
W340104,mTEC-IV
W340108,mTEC-IV
W340109,mTEC-IV
W340112,mTEC-IV
W340113,mTEC-IV
W340115,mTEC-IV
W340118,mTEC-IV
W340125,mTEC-IV
W340128,mTEC-IV
W340129,mTEC-IV
W340131,mTEC-IV
W340133,mTEC-IV
W340136,mTEC-IV
W340138,mTEC-IV
W340139,mTEC-IV
W340141,mTEC-IV
W340146,mTEC-IV
W340150,mTEC-IV
W340153,mTEC-IV
W340156,mTEC-IV
W340161,mTEC-IV
W340164,mTEC-IV
W340171,mTEC-IV
W340173,mTEC-IV
W340177,mTEC-IV
W340182,mTEC-IV
W340183,mTEC-IV
W340186,mTEC-IV
W340190,mTEC-IV
W340192,mTEC-IV
W340204,mTEC-IV
W340213,mTEC-IV
W340214,mTEC-IV
W340216,mTEC-IV
W340219,mTEC-IV
W340228,mTEC-IV
W340229,mTEC-IV
W340236,mTEC-IV
W340238,mTEC-IV
W339859,mTEC-IV
W339860,mTEC-IV
W339866,mTEC-IV
W339870,mTEC-IV
W339876,mTEC-IV
W339882,mTEC-IV
W339885,mTEC-IV
W339891,mTEC-IV
W339894,mTEC-IV
W339895,mTEC-IV
W339901,mTEC-IV
W339903,mTEC-IV
W339905,mTEC-IV
W339909,mTEC-IV
W339910,mTEC-IV
W339914,mTEC-IV
W339915,mTEC-IV
W339916,mTEC-IV
W339917,mTEC-IV
W339918,mTEC-IV
W339920,mTEC-IV
W339924,mTEC-IV
W339932,mTEC-IV
W339935,mTEC-IV
W339936,mTEC-IV
W339940,mTEC-IV
W339945,mTEC-IV
W339959,mTEC-IV
W339961,mTEC-IV
W339978,mTEC-IV
W339980,mTEC-IV
W339985,mTEC-IV
W339992,mTEC-IV
W339993,mTEC-IV
W339994,mTEC-IV
W339997,mTEC-IV
W339998,mTEC-IV
W339999,mTEC-IV
W340009,mTEC-IV
W340010,mTEC-IV
W340014,mTEC-IV
W340019,mTEC-IV
W340024,mTEC-IV
W340026,mTEC-IV
W340029,mTEC-IV
W340031,mTEC-IV
W340032,mTEC-IV
W340035,mTEC-IV
W340036,mTEC-IV
W340037,mTEC-IV
W340041,mTEC-IV
W340045,mTEC-IV
W339666,mTEC-IV
W339668,mTEC-IV
W339669,mTEC-IV
W339670,mTEC-IV
W339678,mTEC-IV
W339685,mTEC-IV
W339689,mTEC-IV
W339690,mTEC-IV
W339691,mTEC-IV
W339696,mTEC-IV
W339701,mTEC-IV
W339703,mTEC-IV
W339704,mTEC-IV
W339706,mTEC-IV
W339711,mTEC-IV
W339712,mTEC-IV
W339713,mTEC-IV
W339714,mTEC-IV
W339723,mTEC-IV
W339724,mTEC-IV
W339725,mTEC-IV
W339728,mTEC-IV
W339730,mTEC-IV
W339731,mTEC-IV
W339735,mTEC-IV
W339737,mTEC-IV
W339738,mTEC-IV
W339739,mTEC-IV
W339741,mTEC-IV
W339742,mTEC-IV
W339743,mTEC-IV
W339745,mTEC-IV
W339746,mTEC-IV
W339748,mTEC-IV
W339749,mTEC-IV
W339756,mTEC-IV
W339758,mTEC-IV
W339770,mTEC-IV
W339772,mTEC-IV
W339776,mTEC-IV
W339778,mTEC-IV
W339785,mTEC-IV
W339797,mTEC-IV
W339800,mTEC-IV
W339801,mTEC-IV
W339805,mTEC-IV
W339811,mTEC-IV
W339813,mTEC-IV
W339814,mTEC-IV
W339815,mTEC-IV
W339825,mTEC-IV
W339828,mTEC-IV
W339837,mTEC-IV
W339838,mTEC-IV
W339840,mTEC-IV
W339842,mTEC-IV
W339848,mTEC-IV
W314901,mTEC-IV
W314903,mTEC-IV
W314906,mTEC-IV
W314908,mTEC-IV
W314910,mTEC-IV
W314912,mTEC-IV
W314913,mTEC-IV
W314914,mTEC-IV
W314916,mTEC-IV
W314920,mTEC-IV
W314922,mTEC-IV
W314923,mTEC-IV
W314924,mTEC-IV
W314925,mTEC-IV
W314926,mTEC-IV
W314927,mTEC-IV
W314928,mTEC-IV
W314929,mTEC-IV
W314930,mTEC-IV
W314931,mTEC-IV
W314932,mTEC-IV
W314934,mTEC-IV
W314935,mTEC-IV
W314937,mTEC-IV
W314939,mTEC-IV
W314941,mTEC-IV
W314942,mTEC-IV
W314943,mTEC-IV
W314944,mTEC-IV
W314945,mTEC-IV
W314946,mTEC-IV
W314947,mTEC-IV
W314949,mTEC-IV
W314951,mTEC-IV
W314952,mTEC-IV
W314955,mTEC-IV
W314957,mTEC-IV
W314958,mTEC-IV
W314960,mTEC-IV
W314961,mTEC-IV
W314962,mTEC-IV
W314963,mTEC-IV
W314964,mTEC-IV
W314965,mTEC-IV
W314966,mTEC-IV
W314968,mTEC-IV
W314969,mTEC-IV
W314971,mTEC-IV
W314972,mTEC-IV
W314974,mTEC-IV
W314976,mTEC-IV
W314977,mTEC-IV
W314984,mTEC-IV
W314986,mTEC-IV
W314990,mTEC-IV
W314991,mTEC-IV
W314998,mTEC-IV
W315001,mTEC-IV
W315002,mTEC-IV
W315003,mTEC-IV
W315005,mTEC-IV
W315007,mTEC-IV
W315009,mTEC-IV
W315010,mTEC-IV
W315013,mTEC-IV
W315014,mTEC-IV
W315016,mTEC-IV
W315017,mTEC-IV
W315019,mTEC-IV
W315020,mTEC-IV
W315022,mTEC-IV
W315024,mTEC-IV
W315026,mTEC-IV
W315027,mTEC-IV
W315029,mTEC-IV
W315033,mTEC-IV
W315035,mTEC-IV
W315037,mTEC-IV
W315038,mTEC-IV
W315040,mTEC-IV
W315041,mTEC-IV
W315042,mTEC-IV
W315044,mTEC-IV
W315045,mTEC-IV
W315047,mTEC-IV
W315048,mTEC-IV
W315050,mTEC-IV
W315051,mTEC-IV
W315052,mTEC-IV
W315055,mTEC-IV
W315056,mTEC-IV
W315059,mTEC-IV
W315063,mTEC-IV
W315065,mTEC-IV
W315070,mTEC-IV
W315075,mTEC-IV
W315076,mTEC-IV
W315077,mTEC-IV
W315082,mTEC-IV
W315083,mTEC-IV
W315084,mTEC-IV
W315086,mTEC-IV
W315087,mTEC-IV
W315088,mTEC-IV
W314715,mTEC-IV
W314716,mTEC-IV
W314718,mTEC-IV
W314723,mTEC-IV
W314725,mTEC-IV
W314731,mTEC-IV
W314733,mTEC-IV
W314741,mTEC-IV
W314745,mTEC-IV
W314751,mTEC-IV
W314754,mTEC-IV
W314755,mTEC-IV
W314757,mTEC-IV
W314765,mTEC-IV
W314770,mTEC-IV
W314772,mTEC-IV
W314774,mTEC-IV
W314775,mTEC-IV
W314778,mTEC-IV
W314785,mTEC-IV
W314788,mTEC-IV
W314793,mTEC-IV
W314796,mTEC-IV
W314799,mTEC-IV
W314800,mTEC-IV
W314803,mTEC-IV
W314804,mTEC-IV
W314805,mTEC-IV
W314806,mTEC-IV
W314809,mTEC-IV
W314811,mTEC-IV
W314812,mTEC-IV
W314813,mTEC-IV
W314816,mTEC-IV
W314818,mTEC-IV
W314821,mTEC-IV
W314823,mTEC-IV
W314825,mTEC-IV
W314828,mTEC-IV
W314830,mTEC-IV
W314831,mTEC-IV
W314832,mTEC-IV
W314834,mTEC-IV
W314835,mTEC-IV
W314836,mTEC-IV
W314841,mTEC-IV
W314842,mTEC-IV
W314843,mTEC-IV
W314847,mTEC-IV
W314848,mTEC-IV
W314849,mTEC-IV
W314850,mTEC-IV
W314851,mTEC-IV
W314853,mTEC-IV
W314854,mTEC-IV
W314855,mTEC-IV
W314856,mTEC-IV
W314860,mTEC-IV
W314863,mTEC-IV
W314864,mTEC-IV
W314865,mTEC-IV
W314867,mTEC-IV
W314868,mTEC-IV
W314874,mTEC-IV
W314875,mTEC-IV
W314876,mTEC-IV
W314879,mTEC-IV
W314882,mTEC-IV
W314883,mTEC-IV
W314884,mTEC-IV
W314885,mTEC-IV
W314886,mTEC-IV
W314887,mTEC-IV
W314893,mTEC-IV
W314894,mTEC-IV
W292242,mTEC-IV
W292246,mTEC-IV
W292250,mTEC-IV
W292251,mTEC-IV
W292255,mTEC-IV
W292256,mTEC-IV
W292258,mTEC-IV
W292259,mTEC-IV
W292263,mTEC-IV
W292266,mTEC-IV
W292267,mTEC-IV
W292270,mTEC-IV
W292271,mTEC-IV
W292272,mTEC-IV
W292277,mTEC-IV
W292279,mTEC-IV
W292282,mTEC-IV
W292283,mTEC-IV
W292284,mTEC-IV
W292286,mTEC-IV
W292288,mTEC-IV
W292290,mTEC-IV
W292291,mTEC-IV
W292292,mTEC-IV
W292295,mTEC-IV
W292296,mTEC-IV
W292299,mTEC-IV
W292300,mTEC-IV
W292302,mTEC-IV
W292304,mTEC-IV
W292306,mTEC-IV
W292307,mTEC-IV
W292308,mTEC-IV
W292309,mTEC-IV
W292310,mTEC-IV
W292312,mTEC-IV
W292314,mTEC-IV
W292315,mTEC-IV
W292317,mTEC-IV
W292323,mTEC-IV
W292324,mTEC-IV
W292325,mTEC-IV
W292328,mTEC-IV
W292330,mTEC-IV
W292338,mTEC-IV
W292339,mTEC-IV
W292342,mTEC-IV
W292346,mTEC-IV
W292349,mTEC-IV
W292350,mTEC-IV
W292351,mTEC-IV
W292354,mTEC-IV
W292355,mTEC-IV
W292356,mTEC-IV
W292357,mTEC-IV
W292358,mTEC-IV
W292363,mTEC-IV
W292366,mTEC-IV
W292367,mTEC-IV
W292368,mTEC-IV
W292371,mTEC-IV
W292372,mTEC-IV
W292374,mTEC-IV
W292380,mTEC-IV
W292381,mTEC-IV
W292382,mTEC-IV
W292388,mTEC-IV
W292390,mTEC-IV
W292391,mTEC-IV
W292394,mTEC-IV
W292396,mTEC-IV
W292397,mTEC-IV
W292398,mTEC-IV
W292399,mTEC-IV
W292402,mTEC-IV
W292403,mTEC-IV
W292404,mTEC-IV
W292405,mTEC-IV
W292411,mTEC-IV
W292412,mTEC-IV
W292413,mTEC-IV
W292414,mTEC-IV
W292416,mTEC-IV
W292417,mTEC-IV
W292420,mTEC-IV
W292421,mTEC-IV
W292423,mTEC-IV
W292426,mTEC-IV
W292427,mTEC-IV
W292431,mTEC-IV
W292432,mTEC-IV
W291857,mTEC-IV
W291858,mTEC-IV
W291859,mTEC-IV
W291860,mTEC-IV
W291863,mTEC-IV
W291866,mTEC-IV
W291868,mTEC-IV
W291869,mTEC-IV
W291870,mTEC-IV
W291871,mTEC-IV
W291872,mTEC-IV
W291874,mTEC-IV
W291879,mTEC-IV
W291880,mTEC-IV
W291881,mTEC-IV
W291884,mTEC-IV
W291886,mTEC-IV
W291889,mTEC-IV
W291890,mTEC-IV
W291892,mTEC-IV
W291894,mTEC-IV
W291895,mTEC-IV
W291896,mTEC-IV
W291897,mTEC-IV
W291898,mTEC-IV
W291899,mTEC-IV
W291903,mTEC-IV
W291905,mTEC-IV
W291906,mTEC-IV
W291907,mTEC-IV
W291908,mTEC-IV
W291909,mTEC-IV
W291914,mTEC-IV
W291916,mTEC-IV
W291918,mTEC-IV
W291921,mTEC-IV
W291922,mTEC-IV
W291924,mTEC-IV
W291927,mTEC-IV
W291928,mTEC-IV
W291930,mTEC-IV
W291931,mTEC-IV
W291933,mTEC-IV
W291936,mTEC-IV
W291937,mTEC-IV
W291939,mTEC-IV
W291944,mTEC-IV
W291946,mTEC-IV
W291947,mTEC-IV
W291948,mTEC-IV
W291951,mTEC-IV
W291956,mTEC-IV
W291957,mTEC-IV
W291961,mTEC-IV
W291962,mTEC-IV
W291963,mTEC-IV
W291965,mTEC-IV
W291967,mTEC-IV
W291968,mTEC-IV
W291969,mTEC-IV
W291971,mTEC-IV
W291979,mTEC-IV
W291980,mTEC-IV
W291985,mTEC-IV
W291987,mTEC-IV
W291992,mTEC-IV
W291995,mTEC-IV
W291996,mTEC-IV
W291999,mTEC-IV
W292000,mTEC-IV
W292001,mTEC-IV
W292002,mTEC-IV
W292003,mTEC-IV
W292004,mTEC-IV
W292008,mTEC-IV
W292010,mTEC-IV
W292012,mTEC-IV
W292013,mTEC-IV
W292014,mTEC-IV
W292015,mTEC-IV
W292021,mTEC-IV
W292023,mTEC-IV
W292025,mTEC-IV
W292026,mTEC-IV
W292027,mTEC-IV
W292030,mTEC-IV
W292031,mTEC-IV
W292033,mTEC-IV
W292038,mTEC-IV
W292039,mTEC-IV
W292043,mTEC-IV
W291665,mTEC-IV
W291666,mTEC-IV
W291668,mTEC-IV
W291670,mTEC-IV
W291676,mTEC-IV
W291677,mTEC-IV
W291679,mTEC-IV
W291680,mTEC-IV
W291683,mTEC-IV
W291685,mTEC-IV
W291686,mTEC-IV
W291687,mTEC-IV
W291689,mTEC-IV
W291694,mTEC-IV
W291696,mTEC-IV
W291697,mTEC-IV
W291698,mTEC-IV
W291700,mTEC-IV
W291701,mTEC-IV
W291702,mTEC-IV
W291703,mTEC-IV
W291705,mTEC-IV
W291706,mTEC-IV
W291708,mTEC-IV
W291709,mTEC-IV
W291711,mTEC-IV
W291712,mTEC-IV
W291713,mTEC-IV
W291714,mTEC-IV
W291715,mTEC-IV
W291717,mTEC-IV
W291720,mTEC-IV
W291721,mTEC-IV
W291723,mTEC-IV
W291725,mTEC-IV
W291727,mTEC-IV
W291728,mTEC-IV
W291729,mTEC-IV
W291730,mTEC-IV
W291731,mTEC-IV
W291732,mTEC-IV
W291734,mTEC-IV
W291736,mTEC-IV
W291738,mTEC-IV
W291739,mTEC-IV
W291740,mTEC-IV
W291741,mTEC-IV
W291743,mTEC-IV
W291745,mTEC-IV
W291746,mTEC-IV
W291748,mTEC-IV
W291749,mTEC-IV
W291750,mTEC-IV
W291752,mTEC-IV
W291753,mTEC-IV
W291755,mTEC-IV
W291756,mTEC-IV
W291757,mTEC-IV
W291758,mTEC-IV
W291760,mTEC-IV
W291761,mTEC-IV
W291762,mTEC-IV
W291763,mTEC-IV
W291764,mTEC-IV
W291765,mTEC-IV
W291769,mTEC-IV
W291770,mTEC-IV
W291772,mTEC-IV
W291773,mTEC-IV
W291774,mTEC-IV
W291775,mTEC-IV
W291776,mTEC-IV
W291779,mTEC-IV
W291781,mTEC-IV
W291783,mTEC-IV
W291785,mTEC-IV
W291786,mTEC-IV
W291787,mTEC-IV
W291789,mTEC-IV
W291790,mTEC-IV
W291794,mTEC-IV
W291795,mTEC-IV
W291796,mTEC-IV
W291799,mTEC-IV
W291801,mTEC-IV
W291803,mTEC-IV
W291804,mTEC-IV
W291805,mTEC-IV
W291807,mTEC-IV
W291808,mTEC-IV
W291809,mTEC-IV
W291813,mTEC-IV
W291814,mTEC-IV
W291816,mTEC-IV
W291817,mTEC-IV
W291819,mTEC-IV
W291820,mTEC-IV
W291823,mTEC-IV
W291824,mTEC-IV
W291825,mTEC-IV
W291826,mTEC-IV
W291828,mTEC-IV
W291830,mTEC-IV
W291831,mTEC-IV
W291833,mTEC-IV
W291836,mTEC-IV
W291837,mTEC-IV
W291839,mTEC-IV
W291840,mTEC-IV
W291841,mTEC-IV
W291842,mTEC-IV
W291844,mTEC-IV
W291845,mTEC-IV
W291847,mTEC-IV
W291848,mTEC-IV
W291850,mTEC-IV
W291852,mTEC-IV
W291853,mTEC-IV
W291856,mTEC-IV
srr2038194,Bulk
srr2038195,Bulk
